<?xml version='1.0' encoding='UTF-8'?>
<gmqlSchemaCollection name="queryname_20210603_134718_GRCH38_TCGA_miRNA_ACC" xmlns="http://genomic.elet.polimi.it/entities">
	<gmqlSchema type="Peak" coordinate_system="default">
		<field type="STRING">chr</field>
		<field type="LONG">left</field>
		<field type="LONG">right</field>
		<field type="CHAR">strand</field>
		<field type="STRING">mirna_id</field>
		<field type="DOUBLE">read_count</field>
		<field type="DOUBLE">reads_per_million_mirna_mapped</field>
		<field type="STRING">cross_mapped</field>
		<field type="STRING">entrez_gene_id</field>
		<field type="STRING">gene_symbol</field>
	</gmqlSchema>
</gmqlSchemaCollection>